empID,name,fname,dob,aadhar,city,pincode,phone,email,DeptID
1,Mary,Arnulfo,23-02-1983,158578688,Mumbai,410210,281796108,email1@gmail.com,122
2,Anna,Arron,2/9/1985,100524032,Mumbai,410210,281940292,sadas@gmail.com,120
3,Emma,Brook,30-07-1971,128512000,Delhi,110001,282614216,fhfdg@gmail.com,120
4,Elizabeth,Damien,20-07-1973,92774400,Pune,111045,282935706,eraedf@gmail.com,120
5,Minnie,Darian,16-11-1991,10485713,Mumbai,410210,283619399,sdgfdfh@gmail.com,126
6,Margaret,Darold,18-05-1979,227795968,Mumbai,410210,283646709,rrq@gmail.com,128
7,Ida,Dwane,12/7/1985,130242560,Mumbai,410210,284035177,erg@gmail.com,125
8,Alice,Kalvin,14-01-1978,49250304,Mumbai,410210,284666222,nfgh@gmail.com,125
9,Bertha,Lupe,15-12-1980,70023168,Pune,111045,284736660,dfh67@gmail.com,121
10,Sarah,Mel,3/4/1973,49618944,Pune,111045,284791396,yrth67@gmail.com,125
11,Annie,Prentice,13-07-1985,227547136,Mumbai,410210,284815117,sfgbgdh@gmail.com,122
12,Clara,Benson,12/2/1979,179979264,Pune,111045,284815942,icvhuh@gmail.com,129
13,Ella,Brandt,20-04-1983,160925696,Mumbai,410210,284847138,czxvujn@gmail.com,126
14,Florence,Chandler,5/4/1988,55153664,Pune,111045,284862767,zdjnj@gmail.com,125
15,Cora,Christoper,21-03-1994,207907840,Mumbai,410210,284876795,zcnvjfdn@gmail.com,128
16,Martha,Deborah,22-05-1988,389879808,Delhi,110001,284882215,ijaiwem@gmail.com,127
17,Laura,Elroy,5/11/1990,167407616,Delhi,110001,284910350,kxcmbfdn@gmail.com,125
18,Nellie,Emmitt,7/7/1990,147093504,Delhi,110001,284993459,cnvj@gmail.com,127
19,Grace,Isidro,14-08-1976,10735026,Mumbai,410210,285005463,kdngn@gmail.com,127
20,Carrie,Kennth,28-04-1991,70707916,Mumbai,410210,285946052,djnjn@gmail.com,128
21,Maude,Terance,24-06-1990,6169600,Pune,111045,285994151,ij8inzx@gmail.com,128
22,Mabel,Trever,9/9/1974,130583552,Mumbai,410210,286058814,ojijd9@gmail.com,121
23,Bessie,Charlton,6/10/1975,71203840,Mumbai,410210,286070473,zdjnu8@gmail.com,120
24,Jennie,Cyril,22-03-1992,11423008,Pune,111045,286799607,ujnv@gmail.com,125
25,Gertrude,Delton,4/9/1992,188017664,Ahmedabad,320008,286906691,zujv8j@gmail.com,128
26,Julia,Donavan,10/7/1977,4765696,Mumbai,410210,286911400,zxnun@gmail.com,124
27,Hattie,Drake,18-06-1992,287933440,Mumbai,410210,288113403,izucvnjun@gmail.com,122
28,Edith,Geno,25-10-1970,4263936,Chennai,600001,288120394,zxnvuni@gmail.com,123
29,Mattie,Glynn,24-11-1991,172772352,Mumbai,410210,288419283,almfm@gmail.com,125
30,Rose,Lacy,20-04-1990,273844224,Mumbai,410210,288429040,ermk@gmail.com,130
31,Catherine,Lamonte,16-12-1976,40216576,Mumbai,410210,289084315,adfj8@gmail.com,122
32,Lillian,Lavern,10/7/1994,2386944,Mumbai,410210,289446241,owwmi4n2@gmail.com,130
33,Ada,Leander,10/11/1991,105431040,Mumbai,410210,289523017,duvhu@gmail.com,123
34,Lillie,Milo,13-02-1983,44129280,Chennai,600001,289894882,du8ja@gmail.com,126
35,Helen,Mose,29-07-1987,116443136,Chennai,600001,290638154,kqemrin@gmail.com,121
36,Jessie,Pamela,26-07-1971,1646592,Delhi,110001,290807369,ddjvoiwmt@gmail.com,122
37,Louise,Tory,24-01-1970,30016512,Pune,111045,290986013,da@gmail.com,127
38,Ethel,Warner,17-05-1974,29518848,Delhi,110001,291430598,poosdj@gmail.com,124
39,Lula,Wendall,29-03-1984,66872320,Delhi,110001,292421271,ugyb13@gmail.com,122
40,Myrtle,Aurelio,20-03-1974,45229056,Delhi,110001,292628469,9i9zvn@gmail.com,129
41,Eva,Connie,13-10-1983,127470592,Pune,111045,292738169,h8zcvh@gmail.com,123
42,Frances,Darryle,25-12-1978,44241920,Mumbai,410210,293118835,h8hjz@gmail.com,123
43,Lena,Darryn,7/6/1983,107983872,Mumbai,410210,293523031,sddnin@gmail.com,122
44,Lucy,Enrico,15-01-1985,8044544,Ahmedabad,320008,293573778,ainrqdsf@gmail.com,125
45,Edna,Hilario,5/5/1974,37214208,Chennai,600001,293622097,dgkn@gmail.com,120
46,Maggie,Huey,4/5/1971,60320768,Chennai,600001,293760823,dikmfinin@gmail.com,121
47,Pearl,Issac,12/4/1993,100849664,Pune,111045,293778748,32rmi@gmail.com,121
48,Daisy,Jodie,13-11-1988,72748032,Mumbai,410210,294056623,adkfmfin0@gmail.com,128
49,Fannie,Kevan,18-09-1980,32164864,Mumbai,410210,294536447,zdvuh8@gmail.com,128
50,Josephine,Raymon,24-09-1986,69079040,Mumbai,410210,294631159,8hd8un4@gmail.com,121
51,Dora,Valentin,7/11/1973,82037760,Mumbai,410210,294934058,nudb@gmail.com,126
52,Rosa,Waymon,28-03-1975,150195200,Delhi,110001,295430577,ijsirtm@gmail.com,122
53,Katherine,Anthoney,20-02-1987,199734272,Delhi,110001,295646461,kmwtrni@gmail.com,129
54,Agnes,Antone,23-02-1976,13156352,Pune,111045,295759189,kgmi@gmail.com,120
55,Marie,Ari,29-04-1983,30367744,Delhi,110001,295775656,ijihcv@gmail.com,130
56,Nora,Artis,5/10/1976,93420544,Delhi,110001,296581815,ihuhcuan@gmail.com,127
57,May,Christine,20-06-1984,31505408,Mumbai,410210,297244048,qiiejifojp@gmail.com,130
58,Mamie,Mac,28-10-1987,25997312,Mumbai,410210,297332787,inodalfnaoi@gmail.com,120
59,Blanche,Richmond,24-10-1971,182054912,Chennai,600001,297368629,i8dvj@gmail.com,130
60,Stella,Rico,15-05-1984,138754048,Delhi,110001,297430070,udvui@gmail.com,120
61,Ellen,Rolf,26-12-1972,13564835,Delhi,110001,297606726,8u8dahv@gmail.com,124
62,Nancy,Sandra,19-08-1988,133688320,Pune,111045,297606951,8qwnun@gmail.com,124
63,Effie,Shedrick,30-11-1979,55205888,Ahmedabad,320008,297694601,qenfun@gmail.com,130
64,Sallie,Trace,15-06-1976,46922752,Kolkata,700001,298127110,sdiji@gmail.com,130
65,Nettie,Wilburn,5/7/1973,63283200,Ahmedabad,320008,298206806,dij@gmail.com,126
66,Della,Adalberto,20-04-1994,53426176,Ahmedabad,320008,298596830,adfwi4@gmail.com,123
67,Lizzie,Carnell,12/11/1983,39505920,Kolkata,700001,298867247,dvin@gmail.com,130
68,Flora,Dee,20-08-1986,210088960,Mumbai,410210,299029654,enreqn@gmail.com,121
69,Susie,Delvin,12/3/1993,36399104,Mumbai,410210,299515267,nndv@gmail.com,129
70,Maud,Hayward,23-01-1975,115143680,Mumbai,410210,299853944,njdn@gmail.com,127
71,Mae,Haywood,1/11/1975,56481792,Mumbai,410210,299949744,meirm2@gmail.com,130
72,Etta,Jonny,8/9/1971,181941248,Delhi,110001,300048137,oakdojk@gmail.com,120
73,Harriet,Rand,7/7/1970,162891776,Delhi,110001,300238550,dkgnk@gmail.com,129
74,Sadie,Renard,16-09-1990,98108416,Delhi,110001,300255638,knzbnvik@gmail.com,124
75,Caroline,Roddy,15-12-1970,54088704,Mumbai,410210,300265786,nisndv@gmail.com,121
76,Katie,Stevan,13-10-1985,50155520,Mumbai,410210,300590611,kninsb@gmail.com,125
77,Lydia,Sven,8/12/1970,23936000,Mumbai,410210,300704847,qerfimi@gmail.com,130
78,Elsie,Thor,13-02-1982,145293312,Pune,111045,301387274,adjovk@gmail.com,129
79,Kate,Tye,12/8/1982,140367872,Pune,111045,301521403,knieknfi@gmail.com,122
80,Susan,Yancy,14-02-1980,281244672,Pune,111045,301724680,knjznvdcn@gmail.com,125
81,Mollie,Alain,7/9/1982,66695168,Pune,111045,302049354,skmgq@gmail.com,123
82,Alma,Antonia,11/1/1981,169747456,Mumbai,410210,302584613,kmqneri23rm@gmail.com,120
83,Addie,Bud,29-09-1989,41691136,Mumbai,410210,303058767,kngiii@gmail.com,126
84,Georgia,Buford,8/9/1985,122886144,Mumbai,410210,303191318,dhvu7u@gmail.com,122
85,Eliza,Christophe,1/5/1978,55803904,Chennai,600001,303337299,uh7vd@gmail.com,130
86,Lulu,Coleman,20-06-1991,188956672,Chennai,600001,303849934,u7gva@gmail.com,128
87,Nannie,Delano,26-01-1982,22185984,Ahmedabad,320008,304731501,aermi2@gmail.com,126
88,Lottie,Domenico,10/6/1991,66160640,Kolkata,700001,304770340,dvninc@gmail.com,125
89,Amanda,Hershel,26-06-1986,28135424,Chennai,600001,304871603,zhdvus8@gmail.com,124
90,Belle,Johnathon,11/4/1975,27962441,Chennai,600001,304871622,zdvhj@gmail.com,129
91,Charlotte,Milan,17-12-1991,133238784,Chennai,600001,304878510,zicvj8jjv@gmail.com,124
92,Rebecca,Prince,15-08-1981,151573504,Mumbai,410210,305343404,ijdv8j78@gmail.com,120
93,Ruth,Reyes,23-10-1975,27069440,Mumbai,410210,305557780,jndusnvu@gmail.com,127
94,Viola,Roderic,20-08-1969,101259264,Mumbai,410210,305939712,sfmgu@gmail.com,126
95,Olive,Williams,27-06-1976,168192000,Mumbai,410210,306169895,judszhun@gmail.com,129
96,Amelia,Winfred,13-12-1976,17485824,Delhi,110001,306257910,ih8dshv8@gmail.com,129
97,Hannah,Anson,18-02-1982,5234688,Delhi,110001,306375551,in7uhdv@gmail.com,121
98,Jane,Aric,2/2/1986,237913088,Delhi,110001,306468004,ind7vnu@gmail.com,128
99,Virginia,Bartholomew,12/12/1986,233513984,Mumbai,410210,306561234,dsvnun@gmail.com,130
100,Emily,Davie,17-01-1985,110420992,Mumbai,410210,306621789,disvj8hj8@gmail.com,127
